<ImportExportXml xmlns:xsi="http://www.w3.org/2001/XMLSchema-instance">
  <Entities></Entities>
  <Roles></Roles>
  <Workflows></Workflows>
  <FieldSecurityProfiles></FieldSecurityProfiles>
  <Templates />
  <EntityMaps />
  <EntityRelationships />
  <OrganizationSettings />
  <optionsets />
  <WebResources>
    <WebResource>
      <WebResourceId>{46cf100b-4e8c-e611-80e2-c4346baca9e4}</WebResourceId>
      <Name>mk_/ModelGeneration/JS/ExampleFSG.js</Name>
      <WebResourceType>3</WebResourceType>
      <IntroducedVersion>1.0</IntroducedVersion>
      <IsEnabledForMobileClient>0</IsEnabledForMobileClient>
      <IsCustomizable>1</IsCustomizable>
      <CanBeDeleted>1</CanBeDeleted>
      <IsHidden>0</IsHidden>
      <FileName>/WebResources/mk_ModelGenerationJSExampleFSGjs46CF100B-4E8C-E611-80E2-C4346BACA9E4</FileName>
    </WebResource>
    <WebResource>
      <WebResourceId>{62ff3f68-6b93-e611-80e2-c4346bad4380}</WebResourceId>
      <Name>mk_/ModelGeneration/Images/loading.gif</Name>
      <DisplayName>mk_/ModelGeneration/Images/loading.gif</DisplayName>
      <WebResourceType>7</WebResourceType>
      <IntroducedVersion>1.0</IntroducedVersion>
      <IsEnabledForMobileClient>0</IsEnabledForMobileClient>
      <IsCustomizable>1</IsCustomizable>
      <CanBeDeleted>1</CanBeDeleted>
      <IsHidden>0</IsHidden>
      <FileName>/WebResources/mk_ModelGenerationImagesloadinggif62FF3F68-6B93-E611-80E2-C4346BAD4380</FileName>
    </WebResource>
    <WebResource>
      <WebResourceId>{71da5840-4d8c-e611-80ec-c4346bad4674}</WebResourceId>
      <Name>mk_/ModelGeneration/JS/accountModel.js</Name>
      <WebResourceType>3</WebResourceType>
      <IntroducedVersion>1.0</IntroducedVersion>
      <IsEnabledForMobileClient>0</IsEnabledForMobileClient>
      <IsCustomizable>1</IsCustomizable>
      <CanBeDeleted>1</CanBeDeleted>
      <IsHidden>0</IsHidden>
      <FileName>/WebResources/mk_ModelGenerationJSaccountModeljs71DA5840-4D8C-E611-80EC-C4346BAD4674</FileName>
    </WebResource>
    <WebResource>
      <WebResourceId>{cbece39e-df5f-e611-810b-c4346bdd2171}</WebResourceId>
      <Name>mk_test</Name>
      <DisplayName>test</DisplayName>
      <LanguageCode>1033</LanguageCode>
      <WebResourceType>3</WebResourceType>
      <IntroducedVersion>1.0.0.0</IntroducedVersion>
      <IsEnabledForMobileClient>0</IsEnabledForMobileClient>
      <IsCustomizable>1</IsCustomizable>
      <CanBeDeleted>1</CanBeDeleted>
      <IsHidden>0</IsHidden>
      <FileName>/WebResources/mk_testCBECE39E-DF5F-E611-810B-C4346BDD2171</FileName>
    </WebResource>
    <WebResource>
      <WebResourceId>{2414cd63-eb5f-e611-810b-c4346bdd2171}</WebResourceId>
      <Name>mk_/ModelGeneration/CSS/ModelGeneration.css</Name>
      <DisplayName>mk_/ModelGeneration/CSS/ModelGeneration.css</DisplayName>
      <WebResourceType>2</WebResourceType>
      <IntroducedVersion>1.0</IntroducedVersion>
      <IsEnabledForMobileClient>0</IsEnabledForMobileClient>
      <IsCustomizable>1</IsCustomizable>
      <CanBeDeleted>1</CanBeDeleted>
      <IsHidden>0</IsHidden>
      <FileName>/WebResources/mk_ModelGenerationCSSModelGenerationcss2414CD63-EB5F-E611-810B-C4346BDD2171</FileName>
    </WebResource>
    <WebResource>
      <WebResourceId>{0a507f6a-eb5f-e611-810b-c4346bdd2171}</WebResourceId>
      <Name>mk_/ModelGeneration/JS/FormScriptGenerator.js</Name>
      <DisplayName>mk_/ModelGeneration/JS/FormScriptGenerator.js</DisplayName>
      <WebResourceType>3</WebResourceType>
      <IntroducedVersion>1.0</IntroducedVersion>
      <IsEnabledForMobileClient>0</IsEnabledForMobileClient>
      <IsCustomizable>1</IsCustomizable>
      <CanBeDeleted>1</CanBeDeleted>
      <IsHidden>0</IsHidden>
      <FileName>/WebResources/mk_ModelGenerationJSFormScriptGeneratorjs0A507F6A-EB5F-E611-810B-C4346BDD2171</FileName>
    </WebResource>
    <WebResource>
      <WebResourceId>{14925b72-eb5f-e611-810b-c4346bdd2171}</WebResourceId>
      <Name>mk_/ModelGeneration/JS/MGBusinessLayer.js</Name>
      <DisplayName>mk_/ModelGeneration/JS/MGBusinessLayer.js</DisplayName>
      <WebResourceType>3</WebResourceType>
      <IntroducedVersion>1.0</IntroducedVersion>
      <IsEnabledForMobileClient>0</IsEnabledForMobileClient>
      <IsCustomizable>1</IsCustomizable>
      <CanBeDeleted>1</CanBeDeleted>
      <IsHidden>0</IsHidden>
      <FileName>/WebResources/mk_ModelGenerationJSMGBusinessLayerjs14925B72-EB5F-E611-810B-C4346BDD2171</FileName>
    </WebResource>
    <WebResource>
      <WebResourceId>{9d038579-eb5f-e611-810b-c4346bdd2171}</WebResourceId>
      <Name>mk_/ModelGeneration/JS/MKWebAPI.js</Name>
      <DisplayName>mk_/ModelGeneration/JS/MKWebAPI.js</DisplayName>
      <WebResourceType>3</WebResourceType>
      <IntroducedVersion>1.0</IntroducedVersion>
      <IsEnabledForMobileClient>0</IsEnabledForMobileClient>
      <IsCustomizable>1</IsCustomizable>
      <CanBeDeleted>1</CanBeDeleted>
      <IsHidden>0</IsHidden>
      <FileName>/WebResources/mk_ModelGenerationJSMKWebAPIjs9D038579-EB5F-E611-810B-C4346BDD2171</FileName>
    </WebResource>
    <WebResource>
      <WebResourceId>{a0038579-eb5f-e611-810b-c4346bdd2171}</WebResourceId>
      <Name>mk_/ModelGeneration/JS/ModelGeneration.js</Name>
      <DisplayName>mk_/ModelGeneration/JS/ModelGeneration.js</DisplayName>
      <WebResourceType>3</WebResourceType>
      <IntroducedVersion>1.0</IntroducedVersion>
      <IsEnabledForMobileClient>0</IsEnabledForMobileClient>
      <IsCustomizable>1</IsCustomizable>
      <CanBeDeleted>1</CanBeDeleted>
      <IsHidden>0</IsHidden>
      <FileName>/WebResources/mk_ModelGenerationJSModelGenerationjsA0038579-EB5F-E611-810B-C4346BDD2171</FileName>
    </WebResource>
    <WebResource>
      <WebResourceId>{15740090-eb5f-e611-810b-c4346bdd2171}</WebResourceId>
      <Name>mk_/ModelGeneration/ModelGeneration.html</Name>
      <DisplayName>mk_/ModelGeneration/ModelGeneration.html</DisplayName>
      <WebResourceType>1</WebResourceType>
      <IntroducedVersion>1.0</IntroducedVersion>
      <IsEnabledForMobileClient>0</IsEnabledForMobileClient>
      <IsCustomizable>1</IsCustomizable>
      <CanBeDeleted>1</CanBeDeleted>
      <IsHidden>0</IsHidden>
      <FileName>/WebResources/mk_ModelGenerationModelGenerationhtml15740090-EB5F-E611-810B-C4346BDD2171</FileName>
    </WebResource>
  </WebResources>
  <Languages>
    <Language>1033</Language>
  </Languages>
</ImportExportXml>