<ImportExportXml version="8.2.0000.0795" SolutionPackageVersion="8.0" languagecode="1033" generatedBy="CrmLive" xmlns:xsi="http://www.w3.org/2001/XMLSchema-instance">
  <SolutionManifest>
    <UniqueName>FormScriptGenerator</UniqueName>
    <LocalizedNames>
      <LocalizedName description="Form Script Generator" languagecode="1033" />
    </LocalizedNames>
    <Descriptions />
    <Version>1.1</Version>
    <Managed>0</Managed>
    <ConfigurationPage>mk_/ModelGeneration/ModelGeneration.html</ConfigurationPage>
    <Publisher>
      <UniqueName>mihirmarutikadam</UniqueName>
      <LocalizedNames>
        <LocalizedName description="Mihir Maruti Kadam" languagecode="1033" />
      </LocalizedNames>
      <Descriptions />
      <EMailAddress>mihirkadam16@gmail.com</EMailAddress>
      <SupportingWebsiteUrl>http://www.mkadam.in/</SupportingWebsiteUrl>
      <CustomizationPrefix>mk</CustomizationPrefix>
      <CustomizationOptionValuePrefix>82126</CustomizationOptionValuePrefix>
      <Addresses>
        <Address>
          <AddressNumber>1</AddressNumber>
          <AddressTypeCode>1</AddressTypeCode>
          <City>Mumbai</City>
          <County xsi:nil="true"></County>
          <Country>India</Country>
          <Fax xsi:nil="true"></Fax>
          <FreightTermsCode xsi:nil="true"></FreightTermsCode>
          <ImportSequenceNumber xsi:nil="true"></ImportSequenceNumber>
          <Latitude xsi:nil="true"></Latitude>
          <Line1>Charkop,Kandivali</Line1>
          <Line2 xsi:nil="true"></Line2>
          <Line3 xsi:nil="true"></Line3>
          <Longitude xsi:nil="true"></Longitude>
          <Name xsi:nil="true"></Name>
          <PostalCode>400067</PostalCode>
          <PostOfficeBox xsi:nil="true"></PostOfficeBox>
          <PrimaryContactName xsi:nil="true"></PrimaryContactName>
          <ShippingMethodCode>1</ShippingMethodCode>
          <StateOrProvince>Maharashtra</StateOrProvince>
          <Telephone1>9773383300</Telephone1>
          <Telephone2 xsi:nil="true"></Telephone2>
          <Telephone3 xsi:nil="true"></Telephone3>
          <TimeZoneRuleVersionNumber xsi:nil="true"></TimeZoneRuleVersionNumber>
          <UPSZone xsi:nil="true"></UPSZone>
          <UTCOffset xsi:nil="true"></UTCOffset>
          <UTCConversionTimeZoneCode xsi:nil="true"></UTCConversionTimeZoneCode>
        </Address>
        <Address>
          <AddressNumber>2</AddressNumber>
          <AddressTypeCode>1</AddressTypeCode>
          <City xsi:nil="true"></City>
          <County xsi:nil="true"></County>
          <Country xsi:nil="true"></Country>
          <Fax xsi:nil="true"></Fax>
          <FreightTermsCode xsi:nil="true"></FreightTermsCode>
          <ImportSequenceNumber xsi:nil="true"></ImportSequenceNumber>
          <Latitude xsi:nil="true"></Latitude>
          <Line1 xsi:nil="true"></Line1>
          <Line2 xsi:nil="true"></Line2>
          <Line3 xsi:nil="true"></Line3>
          <Longitude xsi:nil="true"></Longitude>
          <Name xsi:nil="true"></Name>
          <PostalCode xsi:nil="true"></PostalCode>
          <PostOfficeBox xsi:nil="true"></PostOfficeBox>
          <PrimaryContactName xsi:nil="true"></PrimaryContactName>
          <ShippingMethodCode>1</ShippingMethodCode>
          <StateOrProvince xsi:nil="true"></StateOrProvince>
          <Telephone1 xsi:nil="true"></Telephone1>
          <Telephone2 xsi:nil="true"></Telephone2>
          <Telephone3 xsi:nil="true"></Telephone3>
          <TimeZoneRuleVersionNumber xsi:nil="true"></TimeZoneRuleVersionNumber>
          <UPSZone xsi:nil="true"></UPSZone>
          <UTCOffset xsi:nil="true"></UTCOffset>
          <UTCConversionTimeZoneCode xsi:nil="true"></UTCConversionTimeZoneCode>
        </Address>
      </Addresses>
    </Publisher>
    <RootComponents>
      <RootComponent type="61" schemaName="mk_/ModelGeneration/CSS/ModelGeneration.css" behavior="0" />
      <RootComponent type="61" schemaName="mk_/ModelGeneration/Images/GitHub_logo32px.png" behavior="0" />
      <RootComponent type="61" schemaName="mk_/ModelGeneration/Images/loading.gif" behavior="0" />
      <RootComponent type="61" schemaName="mk_/ModelGeneration/JS/accountModel.js" behavior="0" />
      <RootComponent type="61" schemaName="mk_/ModelGeneration/JS/ExampleFSG.js" behavior="0" />
      <RootComponent type="61" schemaName="mk_/ModelGeneration/JS/FormScriptGenerator.js" behavior="0" />
      <RootComponent type="61" schemaName="mk_/ModelGeneration/JS/MGBusinessLayer.js" behavior="0" />
      <RootComponent type="61" schemaName="mk_/ModelGeneration/JS/MKWebAPI.js" behavior="0" />
      <RootComponent type="61" schemaName="mk_/ModelGeneration/JS/ModelGeneration.js" behavior="0" />
      <RootComponent type="61" schemaName="mk_/ModelGeneration/JS/xml2json.min.js" behavior="0" />
      <RootComponent type="61" schemaName="mk_/ModelGeneration/ModelGeneration.html" behavior="0" />
    </RootComponents>
    <MissingDependencies />
  </SolutionManifest>
</ImportExportXml>